price,titles
"£8,499.00",Fender 1969 Stratocaster - Lake Placid Blue - Rosewood - Second Hand
"£1,739.00","Fender 2019 Limited Edition American Professional Stratocaster Solid Rosewood Neck, Fiesta Red"
£759.00,Fender Albert Hammond Jr Stratocaster Olympic White
"£1,199.00","Fender American Elite Stratocaster HSS Shawbucker, Maple, 3 Colour Sunburst (Supplier B-Stock)"
"£1,534.00","Fender American Original '50s Stratocaster Maple Fingerboard, Inca Silver"
"£1,479.00","Fender American Original '50s Stratocaster, 2-Colour Sunburst"
"£1,504.00","Fender American Original '50s Stratocaster, Aztec Gold"
"£1,529.00","Fender American Original '50s Stratocaster, White Blonde"
"£1,521.00","Fender American Original '50s Stratocaster, White Blonde, Left Hand"
"£1,529.00",Fender American Original '60s Stratocaster 3-Colour Sunburst
"£1,529.00",Fender American Original '60s Stratocaster Olympic White
"£1,499.00",Fender American Original '60s Stratocaster Olympic White Left Hand
"£1,549.00","Fender American Original '60s Stratocaster Rosewood Fingerboard, Shell Pink"
£999.00,"Fender American Performer Stratocaster HSS, Maple, Black"
£999.00,"Fender American Performer Stratocaster HSS, Maple, Satin Surf Green"
£927.00,"Fender American Performer Stratocaster HSS, Maple, Satin Surf Green, B-Stock"
£999.00,"Fender American Performer Stratocaster HSS, Rosewood, 3 Tone Sunburst"
"£1,005.00","Fender American Performer Stratocaster HSS, Rosewood, Aubergine"
£999.00,"Fender American Performer Stratocaster, Maple, Satin Lake Placid Blue"
£999.00,"Fender American Performer Stratocaster, Rosewood, Arctic White"
£999.00,"Fender American Performer Stratocaster, Rosewood, Honeyburst"
"£1,399.00","Fender American Professional Stratocaster (3 Colour Sunburst, Maple)"
"£1,299.00","Fender American Professional Stratocaster (3 Colour Sunburst, Rosewood)"
"£1,349.00","Fender American Professional Stratocaster (Antique Olive, Rosewood)"
"£1,348.00","Fender American Professional Stratocaster (Black, Maple)"
"£1,399.00","Fender American Professional Stratocaster (Black, Rosewood)"
"£1,399.00","Fender American Professional Stratocaster (Olympic White, Rosewood)"
"£1,349.00","Fender American Professional Stratocaster (Sonic Gray, Maple)"
"£1,349.00","Fender American Professional Stratocaster (Sonic Gray, Rosewood)"
"£1,349.00",Fender American Professional Stratocaster Ash Natural
"£1,349.00","Fender American Professional Stratocaster Candy Apple Red, Rosewood"
"£1,362.00",Fender American Professional Stratocaster HH Shawbucker 3 Tone Sunburst
"£1,379.00",Fender American Professional Stratocaster HH Shawbucker Antique Olive
"£1,299.00",Fender American Professional Stratocaster HH Shawbucker Black
"£1,399.00",Fender American Professional Stratocaster HH Shawbucker Olympic White
"£1,252.00","Fender American Professional Stratocaster HH Shawbucker, Sonic Grey"
"£1,379.00","Fender American Professional Stratocaster HSS Shawbucker (3 Tone Sunburst, Maple)"
"£1,379.00","Fender American Professional Stratocaster HSS Shawbucker (3 Tone Sunburst, Rosewood)"
"£1,399.00","Fender American Professional Stratocaster HSS Shawbucker (Antique Olive, Maple)"
"£1,379.00","Fender American Professional Stratocaster HSS Shawbucker (Antique Olive, Rosewood)"
"£1,399.00","Fender American Professional Stratocaster HSS Shawbucker (Black, Maple)"
"£1,379.00","Fender American Professional Stratocaster HSS Shawbucker (Black, Rosewood) "
"£1,448.00","Fender American Professional Stratocaster HSS Shawbucker (Olympic White, Maple)"
"£1,399.00","Fender American Professional Stratocaster HSS Shawbucker (Sienna Sunburst, Maple)"
"£1,379.00","Fender American Professional Stratocaster HSS Shawbucker (Sienna Sunburst, Rosewood)"
"£1,399.00","Fender American Professional Stratocaster HSS Shawbucker (Sonic Grey, Rosewood)"
"£1,399.00",Fender American Professional Stratocaster HSS Shawbucker Candy Apple Red Rosewood
"£1,290.00","Fender American Professional Stratocaster left hand, 3 Tone Sunburst, Rosewood"
"£1,379.00","Fender American Professional Stratocaster left hand, Black, Maple"
"£1,279.00","Fender American Professional Stratocaster left hand, Black, Rosewood"
